1	apakah menstruasi berpengaruh pada rendahnya kadar hemoglobin
2	apakah batuk berkepanjangan dapat disembuhkan
3	cara mengatasi siku hingga telapak tangan bruntusan kecil dan terasa gatal
4	keluar bercak coklat dan keputihan sebelum haid
5	tetes mata belekan di pagi hari yang bagus di apotek
6	mengatasi alergi air mata
7	kulit wajah memerah terasa kaku seperti plastik dan perih tetapi tidak gatal
8	cara mengatasi bengkak dan bentol di tubuh anak usia tahun
9	kemungkinan keguguran saat vagina keluar darah menggumpal
10	apakah kandungan benzalkonium chloride efektif untuk hand sanitizer
11	penyebab belum kunjung haid meski pil kb sudah habis
12	penyebab telat haid selama bulan namun hasil testpack negatif
13	sudah minum obat herbal tapi belum haid juga
14	keluar cairan dari sebelah hidung saat minum
15	bagaimana cara mengatasi siklus menstruasi yang tidak teratur
16	penyebab keringat berlebih setelah konsumsi obat
17	timbul ruam seperti biduran saat kulit bayi digaruk
18	penanganan tangan bengkak berisi cairan akibat suntik kontras
19	bagaimana caranya mengatasi sakit pada tulang pipi dan hidung tersumbat
20	bintik putih berair disertai gatal pada sela jari tangan
21	penyebab dan cara menangani kulit gatal dan berbintik putih
22	obat flu yang aman untuk penderita hipertensi
23	cara meredakan nyeri haid tidak tertahankan saat hari pertama
24	gatal bentol muncul ruam kemerahan di tubuh hingga muntah dan pusing
25	cara agar darah haid keluar deras secara alami
26	kepala terasa pusing mual muntah buihbusa dan sesak napas setelah makan daging sapi
27	keluar darah banyak lebih dari minggu saat haid dan sebelumnya mengalami telat haid
28	perut terasa kram disertai siklus haid berubah
29	tidak merasakan tandatanda menjelang haid apakah normal
30	telat haid disebabkan karena faktor stress
31	apakah boleh kembali minum obat yang sama saat nyeri kambuh pada penderita kista ovarium
32	kulit wajah mengelupas dan terasa tidak nyaman setelah menggunakan sabun wajah
33	aturan konsumsi obat tbc untuk tahap lanjutan
34	haid kali dalam sebulan apakah pertanda subur
35	obat kutu rambut di apotek yang paling ampuh
36	kenapa habis cukur bulu kaki jadi merah dan gatal
37	muntah setelah minum obat asam mefenamat untuk mengatasi nyeri haid apakah perlu minum lagi
38	wajah alergi kambuh lagi setelah berhenti minum obat
39	penyebab keluar darah setelah haid berhenti
40	bolehkan minum obat batuk setelah vaksin covid
41	dosis obat pilek untuk anak usia bulan
42	rekomendasi obat asma yang ampuh supaya tidak sering kambuh
43	penyebab pilek tidak kunjung sembuh
44	muncul benjolan gatal berair setelah digit nyamuk
45	belum pernah haid pada penderita hymen imperforata hingga usia tahun
46	tetap menggunakan obat telinga saat gejala infeksi telinga mulai membaik
47	gatal pasca penggunaan exfoliating toner
48	bekas operasi caesar terasa perih dan gatal
49	interaksi obatobatan dari dokter penyakit dalam psikiater dan dokter umum
50	cara mengobati urtikaria yang tak kunjung sembuh
51	bagaimana solusi jika susah menelan obat pada ibu hamil
52	keamanan obat asma untuk ibu hamil
53	cara alami untuk menunda menstruasi
54	tubuh gatal setelah minum jamu
55	bolehkah melakukan vaksin covid saat sering pilek dan bersin di pagi hari
56	apakah miom memengaruhi siklus menstruasi
57	bolehkah konsumsi obat untuk mengatasi sakit gigi sebelum ke dokter gigi
58	mengatasi kaki bengkak akibat keseleo yang tidak kunjung sembuh
59	cara membedakan purging atau breakout saat menggunakan produk perawatan kulit
60	bolehkah vaksin covid saat pengobatan tenofovir
61	penyebab bruntusan disekitar mulut
62	cara mengolah jahe yang bisa digunakan untuk menghentikan haid
63	bagaimana aturan konsumsi obat simvastatin mg
64	penyebab siklus haid berubahubah
65	kapan waktu yang tepat untuk periksa kandungan saat telat haid
66	konsumsi obat bersamaan
67	bisakah langsung terjadi kehamilan setelah haid baru selesai
68	sakit mata akibat kelilipan serangga
69	keluar gumpalan darah disertai serat saat haid setelah keguguran bulan yang lalu
70	penyebab batuk saat bangun tidur dan gusi berdarah
71	penyebab rasa gatal dan perih di ketiak setelah menggunakan krim perontok bulu
72	menjelang haid payudara tidak lagi terasa nyeri dan siklus haid menjadi tidak teratur
73	penanganan pipi merah setelah ditempeli es batu
74	apakah kiranti untuk wanita haid bisa diminum oleh wanita berumur tahun
75	obat yang bagus untuk mengatasi bronkitis yang kambuh kembali
76	penyebab muncul bintik merah pada wajah setelah bangun tidur
77	timbulnya ruam kulit berbentuk bentol atau bintik merah
78	keluar lendir kuning kehijauan dari hidung selama bertahuntahun pada anak usia tahun
79	fungsi obat imunosupresan
80	salep untuk menghilangkan bekas gatal yang menghitam di bokong
81	penyebab cegukan setelah konsumsi obat penggemuk badan
82	apakah bisa langsung melakukan test pack saat haid terlambat
83	penyebab nyeri dan ada benjolan di bekas lokasi penyuntikan obat
84	ruam gatal disekitar puting payudara
85	obat yang baik untuk mengatasi asam urat
86	obat batuk karena alergi makanan
87	gatal pada area tangan setelah mandi
88	apakah obat methylprednisolone bisa memengaruhi siklus haid
89	muka yang memerah di bagian dahi pipi kiri mata dan hidung setelah memakai obat jerawat
90	hubungan telat haid dengan konsumsi teh jati cina
91	perbedaan usia kehamilan berdasarkan usg dan hpht
92	apakah normal haid selama hari setelah nifas bulan
93	batuk pada malam hari disertai dahak berwarna putih dan hidung berair
94	penyebab telat haid hingga berbulanbulan di usia tahun
95	bolehkan minum larutan penyegar saat haid
96	cara mengatasi alergi udara kotor agar tidak kambuh lagi
97	aturan konsumsi obat acyclovir saat sembuh dari herpes
98	penyebab vagina keluar darah disertai mual pusing dan sakit perut
99	penyebab dan mengatasi alergi
100	penyebab dan pengobatan pada luka di wajah bayi seperti eksim
101	efek samping sering minum obat cetirizine saat alergi makan daging
102	obat untuk nyeri pada gigi setelah pemasangan crown
103	rekomendasi obat malaria paling ampuh
104	telat menstruasi bulan disertai sakit pinggang dan perut bawah
105	apakah berhubungan intim saat tanggal prediksi haid bisa menyebabkan telat haid
106	bolehkah konsumsi jamu pelancar haid untuk mengatasi telat haid
107	gatal di tangan dan kaki secara tibatiba
108	hasil ovutest positif saat hari terakhir siklus haid
109	penggunaan obat salep dengan merk yang berbeda
110	keamanan sering konsumsi asam mefenamat saat haid
111	belum haid setelah suntik kb
112	bintik berair pada kulit dan terasa gatal
113	gatal disertai bentol berisi air di area bibir
114	penyebab hidung berwarna merah sudah tahun tetapi sedang tidak flu
115	salep penghilang bekas luka bisul yang menghitam
116	obat sakit gigi yang aman untuk ibu hamil
117	pembengkakan pada kulit kelamin
118	batuk lebih dari bulan tidak kunjung sembuh
119	pembengkakan muka sebelah kanan
120	keluar gumpalan putih seperti lemak saat haid apakah normal
121	telat haid mual dan perut bagian bawah kram sampai panggul
122	obat untuk mengatasi sakit gigi karena panas dalam
123	kulit wajah merah panas dan perih setelah menggunakan krim untuk flek
124	mengenai penggunaan suplemen asam folat untuk melancarkan haid
125	obat untuk penyakit kencing nanah
126	obat untuk mengurangi nyeri sariawan
127	kaitan memasukkan jari ke vagina dengan telat menstruasi pada remaja
128	efek samping selalu konsumsi obat yang mengandung paracetamol dan kafein saat mengelas
129	bintik merah pada kulit dan wajah
130	alergi produk kulit
131	apakah kemerahan yang hilang timbul di pipi bayi usia bulan dapat hilang
132	garis kulit yang menghitam dan gatal
133	keluar flek coklat kemerahan sebelum masa haid
134	haid lebih dari minggu tapi sedikitsedikit apa penyebabnya
135	telat haid hari keluar darah apakah keguguran
136	selalu berdahak tetapi tidak sedang batuk
137	panggul dan pinggang terasa pegal hingga ke payudara saat sedang menstruasi
138	bagaimana cara haid cepat selesai secara alami
139	efek samping tidak sengaja meminum obat amoxicilin butir
140	sudah merasakan tandatanda hamil sebelum telat haid
141	penggunaan salep mata untuk bayi usia bulan
142	cara menggunakan salep antijamur pada telinga
143	munculnya gatal dan bentolbentol di kulit usai kontak dengan tanaman tertentu
144	anak usia bulan mengeluarkan air mata saat berusaha mengelurakan suara
145	apakah obat dexketoprofen aman untuk ibu hamil yang sakit punggung
146	dampak konsumsi obat penambah darah yang telah kadaluarsa saat hamil
147	kulit tangan mengelupas setelah mandi atau mencuci
148	napas pendek jantung berdebar dan pandangan gelap saat menstruasi
149	leher terasa gatal dan batuk setelah konsumsi snack
150	penyebab bruntusan di sekitar hidung saat pilek
151	cara mengatasi dan obat untuk jamur pada bibir
152	perut bagian atas terasa nyeri setiap menstruasi setelah menikah
153	gatal dan bintik hitam pada payudara
154	telat menstruasi beberapa bulan apakah hamil
155	bolehkah konsumsi kembali obat hormon yang sempat terhenti
156	apakah wanita hamil boleh mengkonsumsi domperidone untuk melancarkan asi
157	keluar bercak darah dan sakit pinggang pada ibu menyusui apakah tandatanda menstruasi
158	penyebab hidung gatal setelah minum manis
159	bisakah mengganti dosis antibiotik tanpa konsultasi ke dokter
160	aturan konsumsi obat yang mengandung aluminium hidroksida dan magnesium trisilikat
161	penyebab kram perut sebelah kiri saat haid
162	obat gemuk badan aman dikonsumsi
163	tenggorokan terasa ada yang mengganjal setelah minum obat
164	penyebab kulit disekitar payudara gatal dan bentol
165	penyebab dan cara mengatasi telat haid bulan tapi tidak hamil
166	penyebab muncul bintik merah di wajah dan terasa gatal
167	terlambat menstruasi sulit bab sering bak dan panas dalam
168	penyebab buang air kecil berdarah
169	penyebab tibatiba di kulit di samping ketiak timbul lecet
170	apakah infeksi trikomoniasis dapat mempengaruhi telat haid
171	obat untuk memutihkan mata yang tampak kusam
172	mengonsumsi suplemen saat menstruasi karena kelelahan dan kolesterol tinggi
173	penyebab mata kanan berair
174	dubur tulang ekor dan pinggang sakit karena menstruasi
175	menstruasi tidak teratur setelah konsumsi pil kb
176	jangka waktu penggunaan obat tetes mata yang telah dibuka untuk mengatasi floaters
177	penyebab jerawat yang tibatiba muncul di dahi saat mencoba produk perawatan wajah
178	apa salep yang ampuh untuk mengatasi folikulitis
179	bolehkah konsumsi jenis bronkodilator secara bersamaan
180	telinga sakit dan berdengung terkadang terdengar bergemuruh
181	bagaimana cara minum air alkali dengan obat diabetes
182	penyebab dan cara mengatasi selangkangan kering dan bersisik
183	nyeri berlebihan saat menstruasi dan ukuran uterus retrofleksi membesar
184	keluar darah berwarna merah gelap di malam hari apakah menstruasi
185	apa obat untuk mengatasi wajah mengelupas
186	obat untuk mengatasi sinus preaurikuler lubang kecil di depan telinga
187	tidak haid ketika minum pil kb plasebo
188	alergi terhadap sandal jepit yang tak kunjung sembuh
189	dampak jika mencampur obat anti mabuk dengan susu untuk anak usia tahun
190	muncul bisul di kaki setelah terkena ulat bulu
191	perubahan siklus menstruasi setelah menggunakan kb
192	rekomendasi salep untuk mengatasi korengan bernanah di kaki
193	penyebab dan cara mengatasi keputihan berbau saat akhir masa haid
194	keluar flek setelah hubungan intim tanda kehamilan atau menstruasi
195	keluar bentol seperti gigitan nyamuk dan muntah setelah minum jamu kunyit asam
196	apakah captopril dapat mengatasi hipertensi
197	penyebab dan cara mengatasi haid berkepanjangan
198	penyebab dan penanganan pada pernapasan tersumbat
199	penyebab haid tidak teratur pada usia tahun
200	penyebab buang air kecil terus menerus saat menstruasi
201	efek samping berhenti minum obat hormonal untuk penderita kanker
202	wajah gatal dan merah apa penyebab dan solusinya
203	apakah telat haid hari dan testpack positif sudah bisa dikatakan hamil
204	minum obat flu dan pereda nyeri bersamaan
205	penggolongan obat untuk pengobatan copd
206	penyebab dan cara mengatasi kulit hidung gatal
207	penyebab napas mendadak sesak pandangan gelap tubuh gemetar seperti ingin pingsan setelah minum kopi dingin
208	apakah ada obat pengganti yang lebih murah untuk gangguan bipolar
209	pemberian obat penurun panas pada bayi berusia tahun
210	muncul bengkak merah pada puncak hidung sdah minggu
211	mata sulit dibuka terasa nyeri dan muncul kemerahan pada kelopak mata
212	penyebab gatal hingga bentolbentol di punggung
213	keputihan dan telat haid apa solusi mengatasinya
214	wajah leher dan badan bentol kemerahan serta gatal setelah bulan lalu transfusi darah
215	penyebab bentolbentol merah yang terasa gatal dan hilang timbul di kulit
216	tidak haid saat minum pil kb yang berwarna putih
217	apakah suplemen yang mengandung coenzim q berbeda merk memiliki kualitas sama
218	bentol dikulit tangan terasa gatal hingga luka
219	haid sedikit dan siklus haid tidak teratur
220	gatal pasca konsumsi obat nyeri
221	terlambat haid hari dan darah berwarna coklat gelap kehitaman
222	penyebab tenggorokan sakit disertai mata bengkak pada anak usia tahun
223	ruam merah dan gatal berkepanjangan
224	menstruasi selama bulan tidak berhenti
225	aturan dosis penggunaan obat epilepsi
226	bagaimana cara minum pil kb microgynon saat sedang haid
227	kulit di area mulut bayi tibatiba berwarna belang
228	penyebab biduran terus menerus
229	pengobatan flek paru tidak tuntas sejak usia tahun
230	penyebab siklus haid tidak teratur
231	apakah harus menghabiskan sisa obat jika sudah jarang mual dan muntah saat hamil
232	muncul kulit seperti sisik di sekitar luka bekas jerawat setelah menggunakan masker lidah buaya
233	darah haid seperti jelly apakah normal
234	keluar serabut menyerupai darah saat buang air kecil
235	penyebab telat haid setelah berhenti olahraga
236	telat haid tetapi gejala pms sudah dirasakan
237	hidung tersumbat disertai dengan pusing oyong panas dingin lemas dan mudah mengantuk
238	normalkah haid saat masa menyusui dan kb
239	minum obat cacing sebaiknya malam atau pagi hari
240	aturan konsumsi obat dengan benar pada ibu hamil
241	masih belum haid setelah konsumsi obat kista sampai habis
242	tenggorokan gatal setelah minum obat batuk sirup
243	pemberian obat untuk anak usia tahun yang pilek
244	perbedaan obat aminofilin dan teofilin
245	hidung berdarah setelah minum obat yang mengandung paracetamol dan kafein
246	bolehkah menyentuh bayi saat kulit sedang alergi
247	gatal hingga bentol seperti digigit nyamuk
248	mata bengkak setelah menggunakan softlens
249	bibir bengkak dan gatal setelah menggunakan skincare
250	penggunaan asam mefenamat untuk mengatasi nyeri
251	penyebab wajah terasa panas saat menggunakan masker
252	penyebab hanya keluar flek coklat namun haid tidak kunjung muncul
253	apakah jamu pelancar haid bisa menggugurkan kandungan
254	mengatasi gatal disertai bintik setelah penggunaan handbody
255	penyebab darah haid masih berwarna hitam di hari kedua
256	obat untuk mengatasi wajah yang iritasi karena masker kopi
257	cara yang efektif untuk mengatasi hidung tersumbat karena alergi debu
258	penyebab bruntusan berair di sekitar mulut disertai rasa gatal
259	nyeri perut seperti akan haid dan hasil testpack positif
260	telat menstruasi setelah hubungan intim
261	bolehkah penderita tb memelihara kucing
262	sesak napas disertai pandangan kabur dan mudah lelah
263	mata perih dan berair terus setelah menggunakan masker sulfur pada wajah
264	badan lemas dan pinggul pegal setelah minum obat alergi
265	penggunaan obat kapsul dan krim salep secara bersamaan
266	pengobatan untuk asma akibat alergi
267	konsumsi obat sakit kepala tablet sekaligus
268	hidung mudah pilek ketika terpapar debu walaupun sedikit
269	pantangan makan dan minum setelah konsumsi obat simvastatin
270	sakit perut lemas dan mual setelah bab saat haid
271	obat untuk mengatasi sakit gigi bengkak
272	cara mengeluarkan benda asing yang masuk kedalam mata
273	ciriciri kista keluar dengan darah haid
274	badan menjadi alergi setelah menghentikan suntik putih
275	belum pernah menstruasi lagi setelah menstruasi pertama kali
276	apakah darah haid hanya keluar hari merupakan tanda hamil
277	bisakah hamil tanpa haid selepas suntik kb bulan
278	bercak darah dan tidak haid saat sedang terapi pasca operasi endometriosis
279	pengobatan alergi pada saluran napas
280	kemungkinan hamil saat telat haid pasca nifas
281	perbedaan kegunaan dan kandungan jenisjenis obat maag
282	aturan konsumsi obat secara bersamaan saat hamil
283	kepala pusing disertai mual muntah setelah konsumsi antibiotik
284	penyebab sering pilek pusing dada sesak dan mata gatal hebat
285	obat untuk mengatasi batuk hingga bulan seperti cegukan
286	penyebab haid kali dalam bulan disertai sakit perut
287	konsumsi obat penambah nafsu makan saat sedang pengobatan tb
288	haid hanya hari setelah minum obat hormon
289	keamanan penggunaan obat tetes mata
290	bagaimana interaksi obat diuretik dengan makanan
291	obat untuk memperbesar ukuran sel telur pada penderita pco
292	ciriciri siklus haid yang normal
293	perlukah mandi dengan sabun setelah berendam epsom salt
294	kapan hormon kembali normal setelah lepas kb suntik
295	vagina keluar darah di luar siklus haid
296	amankah penggunaan menstruai cup
297	mata terasa gatal setelah menggunakan kacamata baru
298	muncul reaksi gatal di kulit saat merasa sejuk atau dingin
299	dosis dan tata cara konsumsi obat sirup
300	nyeri di panggul hingga terasa ke paha dan perut bawah disertai menstruasi tidak lancar
301	bolehkah konsumsi obat flu sampai habis setelah sembuh
302	kepala yang terasa berat disertai batuk kering apakah corona
303	kulit wajah terasa kasar dan gatal
304	mengatasi alergi akibat pengobatan asam lambung
305	gatal gatal dan menimbulkan bekas luka seperti terbakar saat hamil bulan
306	penyebab nyeri perut setelah konsumsi suplemen pemutih kulit
307	efek samping obat mata pada kesuburan pria
308	penyebab mata berair saat menggunakan obat nyamuk bakar
309	obatobatan yang dapat digunakan untuk mengatasi gatal alergi
310	rekomendasi obat untuk sakit maag yang ampuh di apotek
311	gigi terasa terjepit dan sakit kepala setelah minum obat nyeri
312	perih dan panas saat memakai masker wajah
313	penyebab muncul gatalgatal dan agak timbul bengkak
314	usia berapa anak sudah bisa diberi obat cacing
315	apakah ada minuman alami yang bisa mempercepat haid
316	biduran disertai mata dan lidah yang membengkak besar
317	paha terasa gatal setelah operasi cangkoj tulang betis
318	telat haid demam dan hasil testpack negatif
319	cara perhitungan siklus haid yang normal
320	berapa lama alergi di wajah akibat make up bisa hilang
321	mata sebelah kanan bengkak setelah bangun tidur
322	minum pil kb saat berhubungan intim lalu haid
323	hubungan antara stres dengan terjadinya gatal
324	penyebab alergi di seluruh tubuh
325	perlukah bruntusan merah di wajah yang abru muncul diberikan salep untuk kudis
326	apakah methylprednisolone dapat mengatasi nyeri
327	keamanan cairan pembersih vagina yang berbentuk spray
328	kemerahan pada wajah dan selangkangan anak usia tahun
329	cara berhenti dari kecanduan minum obat batuk
330	muncul bentolbentol merah di telapak tangan dan kaki
331	cara mengatasi kulit kering karena krim pemutih
332	jantung berdebar setelah minum obat
333	wajah gatal dan beruntusan setelah pakai skincare
334	obat untuk mengatasi cacar air pada ibu menyusui
335	bentol di tangan terasa gatal dan panas
336	konsumsi obat pasca operasi usus buntu saat haid
337	ingin program hamil setelah pakai kb suntik bulan
338	aturan penggunaan obat mata saat mata sudah sembuh
339	obat telat datang bulan yang ada di apotek
340	bolehkah konsumsi obat darah tinggi bersamaan dengan obat pengencer darah
341	keluar flek saat menggunakan kb iud
342	mengapa usg mammae harus setelah menstruasi
343	cara membedakan darah haid dan darah implantasi
344	efek samping minum kopi saat haid apa saja
345	penyebab haid tidak teratur dengan riwayat operasi kista ovarium
346	siklus menstruasi selalu lebih cepat dan pengaruh pada kualitas sel telur
347	aturan konsumsi obat diabetes dan penyumbatan otak
348	mata berkaca kaca pada bayi usia bulan
349	bentol melepuh kecil dan gatal pada bibir bawah
350	apakah sebenarnya perbedaan antara narkotika dan psikotropika itu
351	tubuh bisa mengeluarkan kotoran dengan sendirinya
352	gatal di seluruh badan secara tibatiba
353	jika menstruasi kali dalam sebulan apakah normal
354	efek samping konsumsi jamu untuk mengatasi telat menstruasi
355	hal yang tidak boleh dilakukan saat haid
356	cara mengatasi vagina dan anus terasa gatal
357	haid hampir bulan dan keluar gumpalan darah
358	obat untuk pelancar haid setelah berhubungan intim
359	telinga nyeri dan bernanah setelah menggunakan anting tusuk
360	kulit muncul bercak merah setelah pijat menggunakan putih telur
361	siklus menstruasi tidak teratur pada ibu menyusui
362	konsumsi obat pengencer darah pada pasien riwayat stroke hemoragik
363	pusing dan meriang setelah terapi obat tb kelenjar
364	antibiotik yang direkomendasikan untuk kencing nanah
365	mengantuk dan lemas setelah konsumsi obat anti alergi
366	cara mengatasi kulit kulit kering disertai gatal
367	menghilangkan tahi lalat dan kutil menggunakan lotion apakah ada efek samping
368	penyebab sesak napas setiap konsumsi makanan atau minuman yang mengandung vitamin c
369	sering sakit tenggorokan sesak napas batuk dan hidung tersumbat apakah mungkin karena alergi
370	bagaimana cara mengatasi alergi yang berkepanjangan
371	bolehkah berhubungan intim saat mengalami flek coklat setelah haid
372	penyebab batuk di tengah malam hingga tidur terganggu
373	apakah infeksi saluran kemih dapat mempengaruhi haid
374	kulit bokong terkelupas setelah menggunakan jeruk nipis
375	penyebab mata seperti berasap dan melihat pelangi setelah menggunakan obat
376	muncul banyak bintik di tangan tidak berair
377	bagaimana cara menguruskan badan dalam waktu seminggu
378	penyebab pusing berputar pandangan buram dan mata terasa gatal
379	penyebab darah haid keluar banyak sudah hari
380	waktu yang tepat untuk berhubungan intim setelah haid agar tidak terjadi kehamilan
381	efek samping yang mungkin muncul setelah menyentuh resin epoksi
382	penyebab siklus haid sering berubahubah
383	gatal yang muncul setiap seusai mandi terutama di leher perut paha dan kaki
384	apakah boleh minum obat pereda nyeri saat haid
385	normalkah jika perut bagian bawah pusar membuncit dan telat haid bulan
386	satu minggu setelah selesai haid keluar flek coklat
387	hasil testpack positif tetapi keluar darah haid
388	bolehkah menyusui setelah konsumsi antibiotik
389	obat untuk penghilang bekas luka bakar akibat knalpot
390	wajah bengkak dan keras setelah penggunaan krim wajah
391	cara mengatasi gatal pada kaki hingga meninggalkan bekas luka
392	darah mulai kembali deras setelah mengalami keguguran
393	penyebab darah keluar setelah bak
394	apa salep yang ampuh untuk mengatasi eksim kering
395	wajah bruntusan setelah menggunakan cuka apel
396	ruam merah dan gatal di seluruh tubuh
397	apakah bahaya minum meloxicam dengan dosis mg sehari
398	tidak ada bekas suntikan imunisasi bcg namun kemerahan di seluruh tubuh bayi usia bulan
399	keluar flek seminggu setelah berhubungan intim kemudian keluar darah haid
400	rekomendasi obat untuk mengatasi leher tegang karena kolesterol
